{
    "processors": [
        {
            "processor_type":"minecraft:rule",
            "rules": [
                {
                    "position_predicate":{
                        "predicate_type": "always_true"
                    },
                    "input_predicate": {
                        "predicate_type": "random_block_match",
                        "block": "minecraft:dirt_path",
                        "probability": 1.0
                    },
                    "location_predicate": {
                        "predicate_type": "always_true"
                    },
                    "output_state": {
                        "Name": "minecraft:jungle_planks"
                    }
                }
            ]
        }
    ]
}