{
    "name":"ctov:village/jungle_tree/starts",
    "fallback": "ctov:village/jungle_tree/terminator",
    "elements": [
      {
        "weight": 4,
        "element": {
          "element_type": "minecraft:single_pool_element",
          "projection": "rigid",
          "location": "ctov:village/jungle_tree/roads/straight",
          "processors": "ctov:village/jungle_tree/road"
        }
      },
      {
        "weight": 1,
        "element": {
          "element_type": "minecraft:single_pool_element",
          "projection": "rigid",
          "location": "ctov:village/jungle_tree/roads/t_1",
          "processors": "ctov:village/jungle_tree/road"
        }
      },
      {
        "weight": 1,
        "element": {
          "element_type": "minecraft:single_pool_element",
          "projection": "rigid",
          "location": "ctov:village/jungle_tree/roads/t_2",
          "processors": "ctov:village/jungle_tree/road"
        }
      }
      ,
      {
        "weight": 1,
        "element": {
          "element_type": "minecraft:single_pool_element",
          "projection": "rigid",
          "location": "ctov:village/jungle_tree/roads/t_3",
          "processors": "ctov:village/jungle_tree/road"
        }
      },
      {
        "weight": 1,
        "element": {
          "element_type": "minecraft:single_pool_element",
          "projection": "rigid",
          "location": "ctov:village/jungle_tree/roads/bent_1",
          "processors": "ctov:village/jungle_tree/road"
        }
      },
      {
        "weight": 1,
        "element": {
          "element_type": "minecraft:single_pool_element",
          "projection": "rigid",
          "location": "ctov:village/jungle_tree/roads/bent_2",
          "processors": "ctov:village/jungle_tree/road"
        }
      },
      {
        "weight": 1,
        "element": {
          "element_type": "minecraft:single_pool_element",
          "projection": "rigid",
          "location": "ctov:village/jungle_tree/roads/inter",
          "processors": "ctov:village/jungle_tree/road"
        }
      }
    ]
  }